No;Nama Lengkap;Alamat;Kota;Tempat Lahir;Tanggal Lahir;Umur (th);No BPJS;ID Pasien
1;Joko Widodo;Jl. Soekarno Hatta No. 10;Surakarta;Surakarta;1 Januari 1;33333;1234567890;KX 1000000
2;Wawan Gunawan;Jl Dua No.3;Kab. Bandung;Kota Cirebon;14 Desember 1979;44;1234567891;KX 1230124
3;Nyoman Sukiadi;Jl Lima No.13;Kab. Bogor;Kab. Probolinggo;2 Maret 1975;49;1234567892;KX 1230125
4;Ketut Gelgel;Jl Tujuh No.1;Kab. Karawang;Kota Magelang;8 Juni 1984;39;1234567893;KX 1230126
5;Wayan Suanda;Jl Satu No.1;Kab. Cianjur;Kab. Tasikmalaya;12 Mei 1985;39;1234567894;KX 1230127
6;Gede Darsana;Jl Lima No.10;Kota Tasikmalaya;Kab. Kediri;13 Juni 1984;39;1234567895;KX 1230128
7;Komang Ranten;Jl Depalan No.19;Kab. Cirebon;Kab. Pekalongan;30 Juli 1977;46;1234567896;KX 1230129
8;I Ketut Dana;Jl Lima No.9;Kab. Bogor;Kab. Semarang;29 Januari 1983;41;1234567897;KX 1230130
9;Nengah Widiarta;Jl Lima No.15;Kota Cirebon;Kab. Ciamis;20 Juli 1985;38;1234567898;KX 1230131
10;Putu Wirnata;Jl Tiga No.7;Kab. Cirebon;Kab. Jember;28 Juni 1979;44;1234567899;KX 1230132
11;Nyoman Landuh;Jl Tiga No.17;Kota Cimahi;Kab. Purwakarta;06 April 1978;46;1234567901;KX 1230134
12;Gede Sardi;Jl Sepuluh No.4;Kab. Pangandaran;Kab. Blora;30 Oktober 1977;46;1234567902;KX 1230135
13;Komang Sumadi;Jl Dua No.4;Kota Sukabumi;Kab. Kebumen;14 Januari 1983;41;1234567903;KX 1230136
14;Nengah Kajanan;Jl Dua No.10;Kota Banjar;Kab. Kebumen;16 Mei 1976;48;1234567904;KX 1230137
15;Wayan Belasin;Jl Sembilan No.16;Kab. Sumedang;Kab. Bandung Barat;11 September 1983;40;1234567905;KX 1230138
16;Nengah Rinti;Jl Sembilan No.16;Kota Cirebon;Kota Bekasi;3 Agustus 1976;47;1234567906;KX 1230139
17;Gede Ngurah Arianta;Jl Depalan No.2;Kab. Kuningan;Kab. Cirebon;21 Mei 1981;43;1234567907;KX 1230140
18;Wayan Kisid;Jl Sepuluh No.4;Kota Cirebon;Kota Bogor;8 Januari 1977;47;1234567908;KX 1230141
19;I Komang Rediartana;Jl Tiga No.19;Kota Cirebon;Kab. Wonogiri;21 April 1983;41;1234567910;KX 1230143
20;Komang Rediasa;Jl Tujuh No.15;Kab. Subang;Kab. Purwakarta;10 Januari 1975;49;1234567911;KX 1230144
21;Wayan Gitong;Jl Tujuh No.5;Kab. Kuningan;Kab. Probolinggo;4 Maret 1976;48;1234567912;KX 1230145
22;Nyoman Widiasa;Jl Satu No.19;Kota Bogor;Kab. Pati;27 Juni 1983;40;1234567913;KX 1230146
23;Nengah Landep;Jl Tujuh No.17;Kab. Tasikmalaya;Kab. Subang;19 Oktober 1985;38;1234567915;KX 1230148
24;Gede Maliada;Jl Satu No.7;Kab. Cirebon;Kab. Kediri;1 Juli 1985;38;1234567916;KX 1230149
25;Nengah Astawa;Jl Lima No.20;Kab. Indramayu;Kota Tegal;16 September 1983;40;1234567917;KX 1230150
26;Wayan Parti Yasa;Jl Sembilan No.16;Kota Depok;Kab. Purwakarta;10 November 1976;47;1234567918;KX 1230151
27;I Wayan Norsi;Jl Sembilan No.19;Kab. Cianjur;Kab. Bogor;26 November 1980;43;1234567919;KX 1230152
28;Nyoman Gelgel;Jl Enam No.10;Kota Banjar;Kab. Jombang;24 Oktober 1982;41;1234567920;KX 1230153
29;I Gede Ardana;Jl Enam No.8;Kota Cimahi;Kab. Pasuruan;01 September 1976;47;1234567921;KX 1230154
30;Kadek Diarta;Jl Enam No.2;Kota Tasikmalaya;Kab. Tasikmalaya;6 Juni 1979;44;1234567922;KX 1230155
31;Gede Sujana;Jl Enam No.14;Kota Cimahi;Kota Kediri;12 Januari 1977;47;1234567923;KX 1230156
32;I Made Mahardana;Jl Sembilan No.4;Kab. Bekasi;Kab. Tuban;23 Agustus 1985;38;1234567925;KX 1230158
33;Gede Suriada;Jl Lima No.1;Kota Bandung;Kab. Sumedang;2 Juni 1985;38;1234567926;KX 1230159
34;I Ketut Sumartana;Jl Tiga No.19;Kab. Karawang;Kab. Cilacap;12 Maret 1978;46;1234567927;KX 1230160
35;I Gede Oka;Jl Enam No.5;Kab. Cianjur;Kota Surabaya;16 September 1979;44;1234567928;KX 1230161
36;Ketut Laba;Jl Sembilan No.3;Kab. Bandung;Kab. Majalengka;27 September 1981;42;1234567929;KX 1230162
37;Ketut Suardika;Jl Satu No.4;Kab. Garut;Kab. Subang;29 Mei 1981;43;1234567930;KX 1230163
38;Kadek Budi Arta Yasa;Jl Tujuh No.16;Kab. Purwakarta;Kab. Jepara;19 Desember 1980;43;1234567931;KX 1230164
39;I Ketut Switra;Jl Tiga No.14;Kab. Sumedang;Kab. Tulungagung;30 Mei 1980;44;1234567932;KX 1230165
40;Komang Ngurah Mahardika;Jl Sepuluh No.13;Kab. Bekasi;Kab. Wonogiri;06 April 1984;40;1234567933;KX 1230166
41;Gede Budi Arta;Jl Tiga No.13;Kab. Bogor;Kab. Gresik;24 Juni 1979;44;1234567934;KX 1230167
42;Kadek Ngurah Arjana;Jl Sepuluh No.20;Kota Depok;Kota Bekasi;24 April 1980;44;1234567935;KX 1230168
43;Gede Semara Jaya;Jl Depalan No.19;Kota Depok;Kota Bogor;24 Agustus 1980;43;1234567936;KX 1230169
44;Rafi Alden;AAA;AAA;AAA;AAA;200;1000;DDD
