No;Tanggal;ID Pasien;Diagnosis;Tindakan;Kontrol;Biaya (Rp)
1;1 Januari 2022;KX 1230123;Dehidrasi;Pemasangan infus;4 Januari 2022;265,00
2;11 Agustus 2023;KX 1230132;Masuk Angin;Vaksinasi;14 Agustus 2023;240000,00
3;03 September 2023;KX 1230134;Dehidrasi;Cek gula darah;06 September 2023;165000,00
4;01 November 2023;KX 1230164;Dehidrasi;Vaksinasi;04 November 2023;240000,00
5;20 Maret 2023;KX 1230132;Keseleo;Cek gula darah;23 Maret 2023;165000,00
6;10 September 2022;KX 1230166;Pusing;Pemasangan infus;13 September 2022;265000,00
7;17 Oktober 2022;KX 1230146;Dehidrasi;Pemasangan infus;20 Oktober 2022;265000,00
8;21 Maret 2022;KX 1230136;Pusing;Pemasangan infus;24 Maret 2022;265000,00
9;23 Mei 2023;KX 1230155;Keseleo;Vaksinasi;26 Mei 2023;240000,00
10;25 Mei 2022;KX 1230131;Masuk Angin;Pengobatan;28 Mei 2022;290000,00
11;20 April 2022;KX 1230140;Dehidrasi;Cek gula darah;23 April 2022;165000,00
12;17 Januari 2022;KX 1230140;Pusing;Cek gula darah;20 Januari 2022;165000,00
13;09 April 2023;KX 1230137;Masuk Angin;Vaksinasi;12 April 2023;240000,00
14;3 Agustus 2023;KX 1230149;Masuk Angin;Cek gula darah;6 Agustus 2023;165000,00
15;19 Agustus 2022;KX 1230168;Masuk Angin;Pengobatan;22 Agustus 2022;290000,00
16;24 Juni 2023;KX 1230164;Keseleo;Cek gula darah;27 Juni 2023;165000,00
17;17 Mei 2023;KX 1230133;Pusing;Vaksinasi;20 Mei 2023;240000,00
18;27 September 2022;KX 1230139;Dehidrasi;Cek gula darah;30 September 2022;165000,00
19;4 Desember 2022;KX 1230124;Keseleo;Cek gula darah;7 Desember 2022;165000,00
20;03 September 2023;KX 1230130;Dehidrasi;Pemasangan infus;06 September 2023;265000,00
21;3 Juli 2022;KX 1230160;Keseleo;Pengobatan;6 Juli 2022;290000,00
22;26 Desember 2022;KX 1230166;Masuk Angin;Vaksinasi;29 Desember 2022;240000,00
23;21 Mei 2022;KX 1230165;Keseleo;Pemasangan infus;24 Mei 2022;265000,00
24;16 Agustus 2023;KX 1230169;Dehidrasi;Pemasangan infus;19 Agustus 2023;265000,00
25;8 Agustus 2023;KX 1230140;Masuk Angin;Pemasangan infus;11 Agustus 2023;265000,00
26;27 April 2022;KX 1230148;Keseleo;Vaksinasi;30 April 2022;240000,00
27;03 September 2023;KX 1230147;Masuk Angin;Pemasangan infus;06 September 2023;265000,00
28;18 Agustus 2022;KX 1230134;Keseleo;Vaksinasi;21 Agustus 2022;240000,00
29;03 September 2023;KX 1230143;Masuk Angin;Cek gula darah;06 September 2023;165000,00
30;07 April 2023;KX 1230156;Dehidrasi;Pengobatan;10 April 2023;290000,00
31;21 Juli 2022;KX 1230166;Dehidrasi;Pengobatan;24 Juli 2022;290000,00
32;27 September 2023;KX 1230147;Dehidrasi;Cek gula darah;30 September 2023;165000,00
33;10 Januari 2023;KX 1230123;Dehidrasi;Vaksinasi;13 Januari 2023;240000,00
34;24 Januari 2022;KX 1230156;Masuk Angin;Pengobatan;27 Januari 2022;290000,00
35;12 September 2023;KX 1230146;Pusing;Pemasangan infus;15 September 2023;265000,00
36;14 Mei 2023;KX 1230142;Pusing;Vaksinasi;17 Mei 2023;240000,00
37;6 Maret 2022;KX 1230135;Dehidrasi;Pengobatan;9 Maret 2022;290000,00
38;13 Juni 2023;KX 1230144;Dehidrasi;Cek gula darah;16 Juni 2023;165000,00
39;11 Oktober 2022;KX 1230135;Keseleo;Pemasangan infus;14 Oktober 2022;265000,00
40;14 Oktober 2022;KX 1230170;Dehidrasi;Pengobatan;17 Oktober 2022;290000,00
41;24 Mei 2022;KX 1230153;Masuk Angin;Cek gula darah;27 Mei 2022;165000,00
42;13 Januari 2022;KX 1230158;Dehidrasi;Vaksinasi;16 Januari 2022;240000,00
43;18 Desember 2022;KX 1230141;Keseleo;Vaksinasi;21 Desember 2022;240000,00
44;6 Desember 2022;KX 1230156;Keseleo;Pemasangan infus;9 Desember 2022;265000,00
45;8 Agustus 2023;KX 1230161;Masuk Angin;Pemasangan infus;11 Agustus 2023;265000,00
46;25 Juli 2022;KX 1230165;Keseleo;Pengobatan;28 Juli 2022;290000,00
47;22 Januari 2023;KX 1230154;Keseleo;Vaksinasi;25 Januari 2023;240000,00
48;11 Oktober 2023;KX 1230129;Masuk Angin;Pengobatan;14 Oktober 2023;290000,00
49;27 Januari 2023;KX 1230147;Pusing;Pengobatan;30 Januari 2023;290000,00
50;17 Mei 2023;KX 1230166;Masuk Angin;Cek gula darah;20 Mei 2023;165000,00
51;2 Juli 2022;KX 1230129;Masuk Angin;Pemasangan infus;5 Juli 2022;265000,00
52;25 September 2023;KX 1230155;Keseleo;Vaksinasi;28 September 2023;240000,00
53;16 Desember 2022;KX 1230165;Pusing;Cek gula darah;19 Desember 2022;165000,00
54;19 September 2022;KX 1230145;Keseleo;Vaksinasi;22 September 2022;240000,00
55;4 Desember 2023;KX 1230161;Dehidrasi;Pengobatan;7 Desember 2023;290000,00
56;9 Mei 2023;KX 1230151;Dehidrasi;Pengobatan;12 Mei 2023;290000,00
57;11 November 2023;KX 5555555;Meningsoy;Mati Suri;Mati Suri;750000,00
58;22 Januari 2022;KX 1230161;Dehidrasi;Cek gula darah;25 Januari 2022;165000,00
59;09 September 2022;KX 1230166;Dehidrasi;Pemasangan infus;12 September 2022;265000,00
60;06 September 2023;KX 1230169;Pusing;Vaksinasi;09 September 2023;240000,00
61;20 Desember 2023;KX 1230153;Dehidrasi;Vaksinasi;23 Desember 2023;240000,00
62;9 Juli 2022;KX 1230123;Pusing;Vaksinasi;12 Juli 2022;240000,00
63;11 September 2023;KX 1230145;Keseleo;Pengobatan;14 September 2023;290000,00
64;3 Juni 2023;KX 1230167;Keseleo;Pemasangan infus;6 Juni 2023;265000,00
65;17 Juli 2022;KX 1230161;Pusing;Pengobatan;20 Juli 2022;290000,00
66;25 Maret 2022;KX 1230127;Dehidrasi;Pemasangan infus;28 Maret 2022;265000,00
67;19 April 2023;KX 1230156;Dehidrasi;Vaksinasi;22 April 2023;240000,00
68;11 Mei 2023;KX 1230125;Masuk Angin;Vaksinasi;14 Mei 2023;240000,00
69;1 Januari 2001;KX 1234567;Ayan;Bed Rest;Bed Rest;150000,00
70;18 April 2023;KX 1230147;Dehidrasi;Pengobatan;21 April 2023;290000,00
71;10 April 2022;KX 1230150;Keseleo;Vaksinasi;13 April 2022;240000,00
72;13 Agustus 2022;KX 1230142;Keluar Angin;Istirahat;16 Agustus 2022;185000,00
73;17 Juni 2024;KX 0000000;Katarak;Tidur;18 Juni 2024;3000000,00
74;18 Juni 2024;aaa;aaa;aaa;19 Juni 2024;0,00
